CHR,SNP,BP,A1,F_A,F_U,A2,CHISQ,P,OR,SE,L95,U95
3,rs13097588,120131669,A/G,3.80%,0.00%,G,73.61,9.50E-18,NA(NA-NA),NA,NA,NA
3,rs1123898,120157082,T/C,3.80%,0.00%,C,73.61,9.50E-18,NA(NA-NA),NA,NA,NA
3,rs10715632,120157112,C/CT,3.80%,0.00%,CT,73.61,9.50E-18,NA(NA-NA),NA,NA,NA
3,rs13077085,120131666,C/T,3.80%,0.20%,T,21.99,2.75E-06,19.08(3.42-106.6),0.8778,3.415,106.6
3,rs77017394,120129263,A/C,5.80%,0.60%,C,19.3,1.12E-05,10.58(2.86-39.12),0.6672,2.861,39.12
3,rs1259291,120135534,T/C,3.80%,0.30%,C,15.57,7.95E-05,12.71(2.5-64.51),0.829,2.503,64.51
3,rs13096973,120131651,G/A,3.80%,0.50%,A,9.206,0.002412,7.61(1.62-35.63),0.7877,1.625,35.63
3,rs1147705,120129178,A/G,3.80%,1.00%,G,3.894,0.04847,3.98(0.9-17.57),0.7571,0.9037,17.57
3,rs1147700,120123556,C/A,3.80%,11.90%,A,3.195,0.07385,0.3(0.07-1.22),0.7246,0.0714,1.222
3,rs1147708,120169641,T/C,9.60%,4.70%,C,2.734,0.09826,2.18(0.85-5.61),0.4828,0.8459,5.613
3,rs1147707,120169248,T/C,17.30%,27.20%,C,2.516,0.1127,0.56(0.27-1.16),0.3701,0.2712,1.157
3,rs1259328,120115286,G/T,1.90%,7.50%,T,2.3,0.1294,0.24(0.03-1.77),1.013,0.03328,1.768
3,rs1515577,120128940,G/A,3.80%,9.70%,A,1.997,0.1576,0.37(0.09-1.55),0.7252,0.09013,1.547
3,rs9860676,120122495,T/G,0.00%,3.60%,G,1.916,0.1663,0(0-NaN),Inf,0,NA
3,rs1259326,120130899,C/T,23.10%,31.80%,T,1.783,0.1818,0.64(0.34-1.24),0.3328,0.3351,1.235
3,rs13088020,120133152,C/T,11.50%,7.30%,T,1.308,0.2528,1.65(0.69-3.93),0.4428,0.6931,3.933
3,rs80249294,120122439,A/T,0.00%,1.90%,T,0.9974,0.3179,0(0-NaN),Inf,0,NA
3,rs2030414,120122332,C/G,46.20%,39.60%,G,0.8952,0.3441,1.3(0.75-2.27),0.2821,0.7507,2.268
3,rs34772410,120168879,CA/C,0.00%,1.60%,C,0.8566,0.3547,0(0-NaN),Inf,0,NA
3,rs3755558,120124307,G/T,1.90%,4.50%,T,0.8164,0.3662,0.41(0.06-3.01),1.016,0.05618,3.011
3,rs1147704,120127771,G/A,0.00%,1.50%,A,0.7725,0.3794,0(0-NaN),Inf,0,NA
3,.,120169574,C/G,0.00%,1.50%,G,0.7725,0.3794,0(0-NaN),Inf,0,NA
3,rs16831134,120116162,C/T,0.00%,1.40%,T,0.7445,0.3882,0(0-NaN),Inf,0,NA
3,rs17229390,120135194,T/C,0.00%,1.40%,C,0.7166,0.3973,0(0-NaN),Inf,0,NA
3,rs185906368,120130874,T/C,5.80%,3.60%,C,0.7114,0.399,1.66(0.5-5.46),0.6074,0.5048,5.461
3,rs67083358;rs112243174,120130883,GAC/GACACACACACACACATACATGCAC,41.30%,35.30%,GACACACACACACACATACATGCAC,0.703,0.4018,1.29(0.71-2.34),0.3038,0.7108,2.339
3,rs1147701,120123953,T/A,9.60%,13.60%,A,0.688,0.4068,0.68(0.27-1.72),0.4751,0.2664,1.715
3,.,120130897,C/CAT,0.00%,1.30%,CAT,0.6608,0.4163,0(0-NaN),Inf,0,NA
3,rs190007851,120132669,T/C,0.00%,1.20%,C,0.6051,0.4366,0(0-NaN),Inf,0,NA
3,rs1259300,120147317,C/T,0.00%,1.00%,T,0.5495,0.4585,0(0-NaN),Inf,0,NA
3,rs35521019,120147336,T/C,0.00%,1.00%,C,0.5218,0.4701,0(0-NaN),Inf,0,NA
3,rs61795709,120134639,A/G,5.80%,3.80%,G,0.5181,0.4716,1.54(0.47-5.07),0.6066,0.4697,5.065
3,rs142099894,120122298,G/C,0.00%,0.90%,C,0.4941,0.4821,0(0-NaN),Inf,0,NA
3,rs114624476,120115683,C/T,0.00%,0.80%,T,0.4387,0.5077,0(0-NaN),Inf,0,NA
3,rs114167955,120118586,C/T,0.00%,0.80%,T,0.4111,0.5214,0(0-NaN),Inf,0,NA
3,rs11708686,120115385,A/G,1.90%,3.50%,G,0.3786,0.5383,0.54(0.07-3.97),1.017,0.07351,3.966
3,rs41271405,120129860,C/T,0.00%,0.60%,T,0.3284,0.5666,0(0-NaN),Inf,0,NA
3,rs13097755,120131762,T/G,0.00%,0.60%,G,0.3284,0.5666,0(0-NaN),Inf,0,NA
3,rs1733301,120153979,C/T,0.00%,0.60%,T,0.3284,0.5666,0(0-NaN),Inf,0,NA
3,rs3215378,120134720,AG/A,42.30%,38.40%,A,0.3195,0.5719,1.17(0.67-2.05),0.2846,0.6723,2.051
3,rs2272515,120134883,C/T,42.30%,38.40%,T,0.3195,0.5719,1.17(0.67-2.05),0.2846,0.6723,2.051
3,rs139355917,120121656,A/G,1.90%,1.10%,G,0.3109,0.5771,1.77(0.23-13.38),1.033,0.233,13.38
3,.,120133338,A/G,0.00%,0.50%,G,0.2734,0.6011,0(0-NaN),Inf,0,NA
3,rs143943080,120118543,A/G,0.00%,0.50%,G,0.2459,0.62,0(0-NaN),Inf,0,NA
3,rs1147696,120119479,C/T,0.00%,0.50%,T,0.2459,0.62,0(0-NaN),Inf,0,NA
3,rs56281929,120123572,G/T,0.00%,0.50%,T,0.2459,0.62,0(0-NaN),Inf,0,NA
3,rs377515954;rs72554515;rs72554515;rs72554515;rs377515954,120131664,TGC/TGTGCGCGC,0.00%,0.40%,TGTGCGCGC,0.1915,0.6617,0(0-NaN),Inf,0,NA
3,.,120116025,AC/A,0.00%,0.40%,A,0.1911,0.662,0(0-NaN),Inf,0,NA
3,.,120116028,T/TG,0.00%,0.40%,TG,0.1911,0.662,0(0-NaN),Inf,0,NA
3,.,120116036,A/C,0.00%,0.40%,C,0.1911,0.662,0(0-NaN),Inf,0,NA
3,.,120116038,T/G,0.00%,0.40%,G,0.1911,0.662,0(0-NaN),Inf,0,NA
3,.,120116039,A/G,0.00%,0.40%,G,0.1911,0.662,0(0-NaN),Inf,0,NA
3,.,120133263,G/A,0.00%,0.40%,A,0.1911,0.662,0(0-NaN),Inf,0,NA
3,.,120133286,T/A,0.00%,0.40%,A,0.1911,0.662,0(0-NaN),Inf,0,NA
3,rs9880550,120122624,C/T,5.80%,7.30%,T,0.1808,0.6707,0.77(0.24-2.52),0.6012,0.2385,2.518
3,rs9810151,120123349,C/T,1.90%,2.90%,T,0.1662,0.6836,0.66(0.09-4.88),1.019,0.08985,4.878
3,.,120133237,A/G,0.00%,0.30%,G,0.1639,0.6856,0(0-NaN),Inf,0,NA
3,rs1969356,120122930,C/T,0.00%,0.30%,T,0.1637,0.6858,0(0-NaN),Inf,0,NA
3,rs78051250,120127921,G/A,0.00%,0.30%,A,0.1637,0.6858,0(0-NaN),Inf,0,NA
3,.,120130904,G/GCA,0.00%,0.30%,GCA,0.1637,0.6858,0(0-NaN),Inf,0,NA
3,rs13081675,120131913,C/T,0.00%,0.30%,T,0.1637,0.6858,0(0-NaN),Inf,0,NA
3,.,120133279,T/C,0.00%,0.30%,C,0.1637,0.6858,0(0-NaN),Inf,0,NA
3,rs1733302,120154181,C/T,0.00%,0.30%,T,0.1637,0.6858,0(0-NaN),Inf,0,NA
3,rs200817806,120169632,G/GCCC,0.00%,0.30%,GCCC,0.1637,0.6858,0(0-NaN),Inf,0,NA
3,rs71156798;rs10670671;rs10670671;rs71156798,120131685,G/GCACA,0.00%,0.30%,GCACA,0.1368,0.7115,0(0-NaN),Inf,0,NA
3,.,120131005,A/ACCCT,0.00%,0.30%,ACCCT,0.1363,0.712,0(0-NaN),Inf,0,NA
3,.,120131011,A/T,0.00%,0.30%,T,0.1363,0.712,0(0-NaN),Inf,0,NA
3,.,120131012,CAGGG/C,0.00%,0.30%,C,0.1363,0.712,0(0-NaN),Inf,0,NA
3,rs115508551,120134267,A/G,0.00%,0.30%,G,0.1363,0.712,0(0-NaN),Inf,0,NA
3,rs1056928,120114914,A/G,0.00%,0.20%,G,0.109,0.7413,0(0-NaN),Inf,0,NA
3,rs138484045,120118480,G/A,0.00%,0.20%,A,0.109,0.7413,0(0-NaN),Inf,0,NA
3,.,120131018,TG/T,0.00%,0.20%,T,0.109,0.7413,0(0-NaN),Inf,0,NA
3,rs192325384,120131086,T/C,0.00%,0.20%,C,0.109,0.7413,0(0-NaN),Inf,0,NA
3,rs78081642,120131389,A/G,0.00%,0.20%,G,0.109,0.7413,0(0-NaN),Inf,0,NA
3,rs10560457,120131663,A/ATG,0.00%,0.20%,ATG,0.109,0.7413,0(0-NaN),Inf,0,NA
3,.,120131671,A/G,0.00%,0.20%,G,0.109,0.7413,0(0-NaN),Inf,0,NA
3,.,120131677,A/G,0.00%,0.20%,G,0.109,0.7413,0(0-NaN),Inf,0,NA
3,.,120133207,C/A,0.00%,0.20%,A,0.109,0.7413,0(0-NaN),Inf,0,NA
3,.,120133260,A/G,0.00%,0.20%,G,0.109,0.7413,0(0-NaN),Inf,0,NA
3,.,120133308,A/T,0.00%,0.20%,T,0.109,0.7413,0(0-NaN),Inf,0,NA
3,.,120133340,T/C,0.00%,0.20%,C,0.109,0.7413,0(0-NaN),Inf,0,NA
3,rs1624195,120152222,T/C,0.00%,0.20%,C,0.109,0.7413,0(0-NaN),Inf,0,NA
3,rs1520881,120155200,C/T,0.00%,0.20%,T,0.109,0.7413,0(0-NaN),Inf,0,NA
3,.,120169571,C/A,0.00%,0.20%,A,0.109,0.7413,0(0-NaN),Inf,0,NA
3,.,120133280,A/G,0.00%,0.20%,G,0.0818,0.7749,0(0-NaN),Inf,0,NA
3,.,120122297,T/A,0.00%,0.20%,A,0.08171,0.775,0(0-NaN),Inf,0,NA
3,.,120122299,T/A,0.00%,0.20%,A,0.08171,0.775,0(0-NaN),Inf,0,NA
3,.,120122307,C/A,0.00%,0.20%,A,0.08171,0.775,0(0-NaN),Inf,0,NA
3,.,120122308,T/A,0.00%,0.20%,A,0.08171,0.775,0(0-NaN),Inf,0,NA
3,rs73855229,120128618,T/C,0.00%,0.20%,C,0.08171,0.775,0(0-NaN),Inf,0,NA
3,.,120133238,A/G,0.00%,0.20%,G,0.08171,0.775,0(0-NaN),Inf,0,NA
3,.,120133264,A/G,0.00%,0.20%,G,0.08171,0.775,0(0-NaN),Inf,0,NA
3,.,120134443,T/C,0.00%,0.20%,C,0.08171,0.775,0(0-NaN),Inf,0,NA
3,.,120134927,G/GAATGA,0.00%,0.20%,GAATGA,0.08171,0.775,0(0-NaN),Inf,0,NA
3,.,120134934,CTCATT/C,0.00%,0.20%,C,0.08171,0.775,0(0-NaN),Inf,0,NA
3,.,120133276,A/G,0.00%,0.10%,G,0.05468,0.8151,0(0-NaN),Inf,0,NA
3,.,120131679,GCA/GCGCGCGCACA,0.00%,0.10%,GCGCGCGCACA,0.05451,0.8154,0(0-NaN),Inf,0,NA
3,.,120133328,C/T,0.00%,0.10%,T,0.05451,0.8154,0(0-NaN),Inf,0,NA
3,rs12192,120114953,A/G,0.00%,0.10%,G,0.05445,0.8155,0(0-NaN),Inf,0,NA
3,.,120115819,T/C,0.00%,0.10%,C,0.05445,0.8155,0(0-NaN),Inf,0,NA
3,rs114109084,120115864,C/T,0.00%,0.10%,T,0.05445,0.8155,0(0-NaN),Inf,0,NA
3,rs75205331,120116575,A/G,0.00%,0.10%,G,0.05445,0.8155,0(0-NaN),Inf,0,NA
3,rs116347001,120117365,A/C,0.00%,0.10%,C,0.05445,0.8155,0(0-NaN),Inf,0,NA
3,.,120118350,A/G,0.00%,0.10%,G,0.05445,0.8155,0(0-NaN),Inf,0,NA
3,.,120119451,A/C,0.00%,0.10%,C,0.05445,0.8155,0(0-NaN),Inf,0,NA
3,rs1147698,120120288,G/C,0.00%,0.10%,C,0.05445,0.8155,0(0-NaN),Inf,0,NA
3,.,120121386,G/A,0.00%,0.10%,A,0.05445,0.8155,0(0-NaN),Inf,0,NA
3,.,120122247,A/G,0.00%,0.10%,G,0.05445,0.8155,0(0-NaN),Inf,0,NA
3,rs57786208,120122808,C/CA,0.00%,0.10%,CA,0.05445,0.8155,0(0-NaN),Inf,0,NA
3,rs1533722,120122817,C/A,0.00%,0.10%,A,0.05445,0.8155,0(0-NaN),Inf,0,NA
3,rs61136163,120122822,AC/A,0.00%,0.10%,A,0.05445,0.8155,0(0-NaN),Inf,0,NA
3,.,120122824,AC/A,0.00%,0.10%,A,0.05445,0.8155,0(0-NaN),Inf,0,NA
3,rs7433600,120122827,C/A,0.00%,0.10%,A,0.05445,0.8155,0(0-NaN),Inf,0,NA
3,rs191046464,120123162,C/T,0.00%,0.10%,T,0.05445,0.8155,0(0-NaN),Inf,0,NA
3,rs4676778,120124733,G/A,0.00%,0.10%,A,0.05445,0.8155,0(0-NaN),Inf,0,NA
3,rs4676779,120125475,C/T,0.00%,0.10%,T,0.05445,0.8155,0(0-NaN),Inf,0,NA
3,rs10662375,120127663,CTG/C,0.00%,0.10%,C,0.05445,0.8155,0(0-NaN),Inf,0,NA
3,.,120127722,G/A,0.00%,0.10%,A,0.05445,0.8155,0(0-NaN),Inf,0,NA
3,rs140527375,120128121,T/C,0.00%,0.10%,C,0.05445,0.8155,0(0-NaN),Inf,0,NA
3,.,120130895,C/CACAT,0.00%,0.10%,CACAT,0.05445,0.8155,0(0-NaN),Inf,0,NA
3,.,120130948,T/C,0.00%,0.10%,C,0.05445,0.8155,0(0-NaN),Inf,0,NA
3,.,120130949,CTCTGGTGGTGGAGAG/CAGAG,0.00%,0.10%,CAGAG,0.05445,0.8155,0(0-NaN),Inf,0,NA
3,rs13081694,120131950,C/T,0.00%,0.10%,T,0.05445,0.8155,0(0-NaN),Inf,0,NA
3,.,120132637,T/TCC,0.00%,0.10%,TCC,0.05445,0.8155,0(0-NaN),Inf,0,NA
3,.,120132643,T/TCCCC,0.00%,0.10%,TCCCC,0.05445,0.8155,0(0-NaN),Inf,0,NA
3,.,120133158,A/G,0.00%,0.10%,G,0.05445,0.8155,0(0-NaN),Inf,0,NA
3,.,120133226,T/C,0.00%,0.10%,C,0.05445,0.8155,0(0-NaN),Inf,0,NA
3,.,120133236,T/C,0.00%,0.10%,C,0.05445,0.8155,0(0-NaN),Inf,0,NA
3,.,120133241,A/G,0.00%,0.10%,G,0.05445,0.8155,0(0-NaN),Inf,0,NA
3,.,120133246,C/T,0.00%,0.10%,T,0.05445,0.8155,0(0-NaN),Inf,0,NA
3,.,120133258,C/T,0.00%,0.10%,T,0.05445,0.8155,0(0-NaN),Inf,0,NA
3,.,120133275,T/C,0.00%,0.10%,C,0.05445,0.8155,0(0-NaN),Inf,0,NA
3,.,120133303,T/C,0.00%,0.10%,C,0.05445,0.8155,0(0-NaN),Inf,0,NA
3,.,120133309,T/G,0.00%,0.10%,G,0.05445,0.8155,0(0-NaN),Inf,0,NA
3,.,120133317,G/A,0.00%,0.10%,A,0.05445,0.8155,0(0-NaN),Inf,0,NA
3,.,120133317,AG/A,0.00%,0.10%,A,0.05445,0.8155,0(0-NaN),Inf,0,NA
3,rs36191604,120133564,G/A,0.00%,0.10%,A,0.05445,0.8155,0(0-NaN),Inf,0,NA
3,.,120133804,A/C,0.00%,0.10%,C,0.05445,0.8155,0(0-NaN),Inf,0,NA
3,rs2700261,120133857,G/A,0.00%,0.10%,A,0.05445,0.8155,0(0-NaN),Inf,0,NA
3,.,120135030,GGCA/G,0.00%,0.10%,G,0.05445,0.8155,0(0-NaN),Inf,0,NA
3,rs115703919,120135529,A/G,0.00%,0.10%,G,0.05445,0.8155,0(0-NaN),Inf,0,NA
3,rs1259292,120136417,T/C,0.00%,0.10%,C,0.05445,0.8155,0(0-NaN),Inf,0,NA
3,rs34970822,120137596,CAT/C,0.00%,0.10%,C,0.05445,0.8155,0(0-NaN),Inf,0,NA
3,rs28718940,120140763,C/T,0.00%,0.10%,T,0.05445,0.8155,0(0-NaN),Inf,0,NA
3,rs1259296,120140985,A/C,0.00%,0.10%,C,0.05445,0.8155,0(0-NaN),Inf,0,NA
3,.,120143314,G/A,0.00%,0.10%,A,0.05445,0.8155,0(0-NaN),Inf,0,NA
3,rs1259306,120143661,C/T,0.00%,0.10%,T,0.05445,0.8155,0(0-NaN),Inf,0,NA
3,rs916509,120143827,C/G,0.00%,0.10%,G,0.05445,0.8155,0(0-NaN),Inf,0,NA
3,rs916510,120143857,T/C,0.00%,0.10%,C,0.05445,0.8155,0(0-NaN),Inf,0,NA
3,rs5852246,120144211,C/CA,0.00%,0.10%,CA,0.05445,0.8155,0(0-NaN),Inf,0,NA
3,.,120147018,T/C,0.00%,0.10%,C,0.05445,0.8155,0(0-NaN),Inf,0,NA
3,.,120147351,G/A,0.00%,0.10%,A,0.05445,0.8155,0(0-NaN),Inf,0,NA
3,rs61795712,120147354,C/T,0.00%,0.10%,T,0.05445,0.8155,0(0-NaN),Inf,0,NA
3,rs1259299,120147864,G/A,0.00%,0.10%,A,0.05445,0.8155,0(0-NaN),Inf,0,NA
3,rs9855400,120151769,A/C,0.00%,0.10%,C,0.05445,0.8155,0(0-NaN),Inf,0,NA
3,rs1733299,120152050,G/C,0.00%,0.10%,C,0.05445,0.8155,0(0-NaN),Inf,0,NA
3,rs1716835,120153464,A/G,0.00%,0.10%,G,0.05445,0.8155,0(0-NaN),Inf,0,NA
3,.,120153927,A/G,0.00%,0.10%,G,0.05445,0.8155,0(0-NaN),Inf,0,NA
3,.,120153932,A/T,0.00%,0.10%,T,0.05445,0.8155,0(0-NaN),Inf,0,NA
3,.,120153939,G/A,0.00%,0.10%,A,0.05445,0.8155,0(0-NaN),Inf,0,NA
3,.,120155095,G/A,0.00%,0.10%,A,0.05445,0.8155,0(0-NaN),Inf,0,NA
3,rs5852249,120161242,AG/A,0.00%,0.10%,A,0.05445,0.8155,0(0-NaN),Inf,0,NA
3,.,120161415,A/G,0.00%,0.10%,G,0.05445,0.8155,0(0-NaN),Inf,0,NA
3,rs1259330,120161829,T/C,0.00%,0.10%,C,0.05445,0.8155,0(0-NaN),Inf,0,NA
3,rs1267675,120165097,G/A,0.00%,0.10%,A,0.05445,0.8155,0(0-NaN),Inf,0,NA
3,rs141016984,120165265,A/G,0.00%,0.10%,G,0.05445,0.8155,0(0-NaN),Inf,0,NA
3,rs4676699,120165290,A/G,0.00%,0.10%,G,0.05445,0.8155,0(0-NaN),Inf,0,NA
3,rs5000757,120165292,C/T,0.00%,0.10%,T,0.05445,0.8155,0(0-NaN),Inf,0,NA
3,rs1259335,120165305,G/C,0.00%,0.10%,C,0.05445,0.8155,0(0-NaN),Inf,0,NA
3,rs139399236,120168916,CG/C,0.00%,0.10%,C,0.05445,0.8155,0(0-NaN),Inf,0,NA
3,.,120169019,T/A,0.00%,0.10%,A,0.05445,0.8155,0(0-NaN),Inf,0,NA
3,rs370781958,120169697,A/C,0.00%,0.10%,C,0.05445,0.8155,0(0-NaN),Inf,0,NA
3,.,120169835,A/G,0.00%,0.10%,G,0.05445,0.8155,0(0-NaN),Inf,0,NA
3,rs2673704,120134431,C/T,25.00%,26.40%,T,0.05199,0.8196,0.93(0.49-1.75),0.3244,0.4917,1.754
3,.,120133248,C/G,0.00%,0.10%,G,0.02724,0.8689,0(0-NaN),Inf,0,NA
3,.,120133285,A/T,0.00%,0.10%,T,0.02724,0.8689,0(0-NaN),Inf,0,NA
3,.,120115357,A/G,0.00%,0.10%,G,0.02721,0.869,0(0-NaN),Inf,0,NA
3,.,120115663,C/A,0.00%,0.10%,A,0.02721,0.869,0(0-NaN),Inf,0,NA
3,.,120116032,G/C,0.00%,0.10%,C,0.02721,0.869,0(0-NaN),Inf,0,NA
3,.,120116232,A/G,0.00%,0.10%,G,0.02721,0.869,0(0-NaN),Inf,0,NA
3,rs142468480,120118071,G/GTTCAA,0.00%,0.10%,GTTCAA,0.02721,0.869,0(0-NaN),Inf,0,NA
3,.,120118380,C/T,0.00%,0.10%,T,0.02721,0.869,0(0-NaN),Inf,0,NA
3,.,120118731,C/T,0.00%,0.10%,T,0.02721,0.869,0(0-NaN),Inf,0,NA
3,rs368394559,120118865,A/G,0.00%,0.10%,G,0.02721,0.869,0(0-NaN),Inf,0,NA
3,.,120118870,T/G,0.00%,0.10%,G,0.02721,0.869,0(0-NaN),Inf,0,NA
3,.,120118976,T/A,0.00%,0.10%,A,0.02721,0.869,0(0-NaN),Inf,0,NA
3,.,120118982,T/C,0.00%,0.10%,C,0.02721,0.869,0(0-NaN),Inf,0,NA
3,.,120118983,G/C,0.00%,0.10%,C,0.02721,0.869,0(0-NaN),Inf,0,NA
3,.,120118984,G/A,0.00%,0.10%,A,0.02721,0.869,0(0-NaN),Inf,0,NA
3,.,120118989,ATCAATT/A,0.00%,0.10%,A,0.02721,0.869,0(0-NaN),Inf,0,NA
3,.,120121517,G/T,0.00%,0.10%,T,0.02721,0.869,0(0-NaN),Inf,0,NA
3,.,120121760,CCCAACAGAGTGTGCCCTGG/C,0.00%,0.10%,C,0.02721,0.869,0(0-NaN),Inf,0,NA
3,.,120121803,G/GA,0.00%,0.10%,GA,0.02721,0.869,0(0-NaN),Inf,0,NA
3,.,120121925,A/G,0.00%,0.10%,G,0.02721,0.869,0(0-NaN),Inf,0,NA
3,.,120122057,T/C,0.00%,0.10%,C,0.02721,0.869,0(0-NaN),Inf,0,NA
3,.,120122375,T/C,0.00%,0.10%,C,0.02721,0.869,0(0-NaN),Inf,0,NA
3,.,120122393,CAAAATGATATTGAAAGGAGAAAATCTCATAGTATATACTATAAATCTATTCCCCTACATTAGTGATT/C,0.00%,0.10%,C,0.02721,0.869,0(0-NaN),Inf,0,NA
3,rs79272120,120123435,A/G,0.00%,0.10%,G,0.02721,0.869,0(0-NaN),Inf,0,NA
3,.,120128082,A/G,0.00%,0.10%,G,0.02721,0.869,0(0-NaN),Inf,0,NA
3,.,120128084,GT/G,0.00%,0.10%,G,0.02721,0.869,0(0-NaN),Inf,0,NA
3,.,120128661,G/A,0.00%,0.10%,A,0.02721,0.869,0(0-NaN),Inf,0,NA
3,.,120128771,C/A,0.00%,0.10%,A,0.02721,0.869,0(0-NaN),Inf,0,NA
3,rs184228038,120128812,A/G,0.00%,0.10%,G,0.02721,0.869,0(0-NaN),Inf,0,NA
3,rs114971438,120129495,A/G,0.00%,0.10%,G,0.02721,0.869,0(0-NaN),Inf,0,NA
3,.,120129721,A/G,0.00%,0.10%,G,0.02721,0.869,0(0-NaN),Inf,0,NA
3,.,120130000,A/AGGATCTTCT,0.00%,0.10%,AGGATCTTCT,0.02721,0.869,0(0-NaN),Inf,0,NA
3,.,120130527,T/C,0.00%,0.10%,C,0.02721,0.869,0(0-NaN),Inf,0,NA
3,rs139084926,120130569,G/A,0.00%,0.10%,A,0.02721,0.869,0(0-NaN),Inf,0,NA
3,.,120130885,T/C,0.00%,0.10%,C,0.02721,0.869,0(0-NaN),Inf,0,NA
3,.,120130902,A/ATG,0.00%,0.10%,ATG,0.02721,0.869,0(0-NaN),Inf,0,NA
3,.,120130906,ATG/A,0.00%,0.10%,A,0.02721,0.869,0(0-NaN),Inf,0,NA
3,.,120130908,G/A,0.00%,0.10%,A,0.02721,0.869,0(0-NaN),Inf,0,NA
3,.,120130950,ATCTCTGGTGGTG/A,0.00%,0.10%,A,0.02721,0.869,0(0-NaN),Inf,0,NA
3,.,120130966,A/C,0.00%,0.10%,C,0.02721,0.869,0(0-NaN),Inf,0,NA
3,.,120131020,G/C,0.00%,0.10%,C,0.02721,0.869,0(0-NaN),Inf,0,NA
3,.,120131022,C/T,0.00%,0.10%,T,0.02721,0.869,0(0-NaN),Inf,0,NA
3,.,120131125,A/G,0.00%,0.10%,G,0.02721,0.869,0(0-NaN),Inf,0,NA
3,rs200468300,120131681,A/G,0.00%,0.10%,G,0.02721,0.869,0(0-NaN),Inf,0,NA
3,rs201436894,120131683,A/G,0.00%,0.10%,G,0.02721,0.869,0(0-NaN),Inf,0,NA
3,rs4676780,120131685,A/G,0.00%,0.10%,G,0.02721,0.869,0(0-NaN),Inf,0,NA
3,.,120132727,A/G,0.00%,0.10%,G,0.02721,0.869,0(0-NaN),Inf,0,NA
3,.,120132805,G/GT,0.00%,0.10%,GT,0.02721,0.869,0(0-NaN),Inf,0,NA
3,.,120133201,A/G,0.00%,0.10%,G,0.02721,0.869,0(0-NaN),Inf,0,NA
3,.,120133247,G/C,0.00%,0.10%,C,0.02721,0.869,0(0-NaN),Inf,0,NA
3,.,120133257,A/G,0.00%,0.10%,G,0.02721,0.869,0(0-NaN),Inf,0,NA
3,.,120133261,A/G,0.00%,0.10%,G,0.02721,0.869,0(0-NaN),Inf,0,NA
3,.,120133265,T/C,0.00%,0.10%,C,0.02721,0.869,0(0-NaN),Inf,0,NA
3,.,120133292,T/A,0.00%,0.10%,A,0.02721,0.869,0(0-NaN),Inf,0,NA
3,.,120133313,A/G,0.00%,0.10%,G,0.02721,0.869,0(0-NaN),Inf,0,NA
3,.,120133320,A/AC,0.00%,0.10%,AC,0.02721,0.869,0(0-NaN),Inf,0,NA
3,.,120134388,G/A,0.00%,0.10%,A,0.02721,0.869,0(0-NaN),Inf,0,NA
3,.,120134712,T/C,0.00%,0.10%,C,0.02721,0.869,0(0-NaN),Inf,0,NA
3,rs201040858,120134755,A/G,0.00%,0.10%,G,0.02721,0.869,0(0-NaN),Inf,0,NA
3,.,120134820,A/G,0.00%,0.10%,G,0.02721,0.869,0(0-NaN),Inf,0,NA
3,.,120134943,G/A,0.00%,0.10%,A,0.02721,0.869,0(0-NaN),Inf,0,NA
3,.,120134986,T/A,0.00%,0.10%,A,0.02721,0.869,0(0-NaN),Inf,0,NA
3,.,120135018,C/A,0.00%,0.10%,A,0.02721,0.869,0(0-NaN),Inf,0,NA
3,.,120153874,C/T,0.00%,0.10%,T,0.02721,0.869,0(0-NaN),Inf,0,NA
3,.,120169378,G/A,0.00%,0.10%,A,0.02721,0.869,0(0-NaN),Inf,0,NA
3,.,120169558,CAGCGCG/C,0.00%,0.10%,C,0.02721,0.869,0(0-NaN),Inf,0,NA
3,.,120169572,C/G,0.00%,0.10%,G,0.02721,0.869,0(0-NaN),Inf,0,NA
3,.,120169717,CGCGGAGGCCGGA/C,0.00%,0.10%,C,0.02721,0.869,0(0-NaN),Inf,0,NA
3,.,120169847,A/ACCTCC,0.00%,0.10%,ACCTCC,0.02721,0.869,0(0-NaN),Inf,0,NA
3,.,120169850,G/T,0.00%,0.10%,T,0.02721,0.869,0(0-NaN),Inf,0,NA
3,rs2272516,120134901,A/C,5.80%,6.10%,C,0.007883,0.9293,0.95(0.29-3.09),0.6024,0.2911,3.087
3,rs1147699,120121411,G/A,25.00%,25.30%,A,0.001834,0.9658,0.99(0.52-1.86),0.3246,0.522,1.863
3,rs1147706,120169009,T/A,9.60%,9.70%,A,0.000211,0.9884,0.99(0.39-2.53),0.4767,0.3901,2.528
3,rs1147695,120119446,T/C,3.80%,3.80%,C,0.0001093,0.9917,1.01(0.24-4.22),0.7309,0.2405,4.222
3,rs3830566,120128841,C/CTT,1.90%,1.90%,CTT,3.89E-05,0.995,0.99(0.13-7.38),1.023,0.1337,7.384
3,rs1147694,120113124,T/C,0.00%,0.00%,C,NA,NA,NA(NA-NA),NA,NA,NA
3,.,120115748,T/C,0.00%,0.00%,C,NA,NA,NA(NA-NA),NA,NA,NA
3,rs375554964,120115764,T/A,0.00%,0.00%,A,NA,NA,NA(NA-NA),NA,NA,NA
3,rs140054761,120115869,A/G,0.00%,0.00%,G,NA,NA,NA(NA-NA),NA,NA,NA
3,rs377695507,120115894,T/G,0.00%,0.00%,G,NA,NA,NA(NA-NA),NA,NA,NA
3,rs182219931,120115981,T/C,0.00%,0.00%,C,NA,NA,NA(NA-NA),NA,NA,NA
3,.,120118505,A/G,0.00%,0.00%,G,NA,NA,NA(NA-NA),NA,NA,NA
3,.,120118601,G/A,0.00%,0.00%,A,NA,NA,NA(NA-NA),NA,NA,NA
3,.,120118864,T/C,0.00%,0.00%,C,NA,NA,NA(NA-NA),NA,NA,NA
3,rs2319741,120120625,T/C,0.00%,0.00%,C,NA,NA,NA(NA-NA),NA,NA,NA
3,.,120121394,C/A,0.00%,0.00%,A,NA,NA,NA(NA-NA),NA,NA,NA
3,.,120121432,C/T,0.00%,0.00%,T,NA,NA,NA(NA-NA),NA,NA,NA
3,.,120121469,A/T,0.00%,0.00%,T,NA,NA,NA(NA-NA),NA,NA,NA
3,.,120121956,C/CTGGGG,0.00%,0.00%,CTGGGG,NA,NA,NA(NA-NA),NA,NA,NA
3,.,120121966,GCCCA/G,0.00%,0.00%,G,NA,NA,NA(NA-NA),NA,NA,NA
3,.,120121968,TC/T,0.00%,0.00%,T,NA,NA,NA(NA-NA),NA,NA,NA
3,.,120122306,CCTGGGTGT/C,0.00%,0.00%,C,NA,NA,NA(NA-NA),NA,NA,NA
3,.,120122630,A/T,0.00%,0.00%,T,NA,NA,NA(NA-NA),NA,NA,NA
3,.,120122803,CA/C,0.00%,0.00%,C,NA,NA,NA(NA-NA),NA,NA,NA
3,rs1949607,120122808,A/C,0.00%,0.00%,C,NA,NA,NA(NA-NA),NA,NA,NA
3,rs199853001,120122820,CA/C,0.00%,0.00%,C,NA,NA,NA(NA-NA),NA,NA,NA
3,.,120123184,G/A,0.00%,0.00%,A,NA,NA,NA(NA-NA),NA,NA,NA
3,.,120123293,G/T,0.00%,0.00%,T,NA,NA,NA(NA-NA),NA,NA,NA
3,.,120124003,G/C,0.00%,0.00%,C,NA,NA,NA(NA-NA),NA,NA,NA
3,.,120126199,CTCCTCAAGCGAGCATTCTTCAACTCAGCAACTCCCTCACACGTTGGTAAATTTTTTTGTTCAT/C,0.00%,0.00%,C,NA,NA,NA(NA-NA),NA,NA,NA
3,rs75171573,120126907,T/G,0.00%,0.00%,G,NA,NA,NA(NA-NA),NA,NA,NA
3,.,120128079,T/G,0.00%,0.00%,G,NA,NA,NA(NA-NA),NA,NA,NA
3,.,120128167,A/G,0.00%,0.00%,G,NA,NA,NA(NA-NA),NA,NA,NA
3,.,120128265,A/G,0.00%,0.00%,G,NA,NA,NA(NA-NA),NA,NA,NA
3,rs202111551,120128309,G/A,0.00%,0.00%,A,NA,NA,NA(NA-NA),NA,NA,NA
3,rs138798165,120128417,T/C,0.00%,0.00%,C,NA,NA,NA(NA-NA),NA,NA,NA
3,.,120128509,T/A,0.00%,0.00%,A,NA,NA,NA(NA-NA),NA,NA,NA
3,.,120128571,G/A,0.00%,0.00%,A,NA,NA,NA(NA-NA),NA,NA,NA
3,.,120128576,CACAG/C,0.00%,0.00%,C,NA,NA,NA(NA-NA),NA,NA,NA
3,.,120128577,A/T,0.00%,0.00%,T,NA,NA,NA(NA-NA),NA,NA,NA
3,.,120128578,C/G,0.00%,0.00%,G,NA,NA,NA(NA-NA),NA,NA,NA
3,.,120128579,G/T,0.00%,0.00%,T,NA,NA,NA(NA-NA),NA,NA,NA
3,.,120128583,C/G,0.00%,0.00%,G,NA,NA,NA(NA-NA),NA,NA,NA
3,.,120128584,C/G,0.00%,0.00%,G,NA,NA,NA(NA-NA),NA,NA,NA
3,.,120128585,T/A,0.00%,0.00%,A,NA,NA,NA(NA-NA),NA,NA,NA
3,.,120128586,GC/G,0.00%,0.00%,G,NA,NA,NA(NA-NA),NA,NA,NA
3,.,120128592,A/G,0.00%,0.00%,G,NA,NA,NA(NA-NA),NA,NA,NA
3,.,120128652,GTT/G,0.00%,0.00%,G,NA,NA,NA(NA-NA),NA,NA,NA
3,.,120128653,GTGTACCCTGGAT/G,0.00%,0.00%,G,NA,NA,NA(NA-NA),NA,NA,NA
3,.,120128859,G/T,0.00%,0.00%,T,NA,NA,NA(NA-NA),NA,NA,NA
3,.,120129038,T/A,0.00%,0.00%,A,NA,NA,NA(NA-NA),NA,NA,NA
3,.,120129041,A/T,0.00%,0.00%,T,NA,NA,NA(NA-NA),NA,NA,NA
3,.,120129044,T/A,0.00%,0.00%,A,NA,NA,NA(NA-NA),NA,NA,NA
3,.,120129921,A/T,0.00%,0.00%,T,NA,NA,NA(NA-NA),NA,NA,NA
3,rs374114238,120130809,C/G,0.00%,0.00%,G,NA,NA,NA(NA-NA),NA,NA,NA
3,.,120130852,A/ATGTT,0.00%,0.00%,ATGTT,NA,NA,NA(NA-NA),NA,NA,NA
3,.,120130904,A/G,0.00%,0.00%,G,NA,NA,NA(NA-NA),NA,NA,NA
3,.,120130912,C/A,0.00%,0.00%,A,NA,NA,NA(NA-NA),NA,NA,NA
3,.,120130921,A/G,0.00%,0.00%,G,NA,NA,NA(NA-NA),NA,NA,NA
3,.,120130954,ATCTC/A,0.00%,0.00%,A,NA,NA,NA(NA-NA),NA,NA,NA
3,.,120130960,G/C,0.00%,0.00%,C,NA,NA,NA(NA-NA),NA,NA,NA
3,.,120130997,G/GC,0.00%,0.00%,GC,NA,NA,NA(NA-NA),NA,NA,NA
3,.,120131674,T/C,0.00%,0.00%,C,NA,NA,NA(NA-NA),NA,NA,NA
3,rs201355957,120131687,G/A,0.00%,0.00%,A,NA,NA,NA(NA-NA),NA,NA,NA
3,.,120131719,ACACC/A,0.00%,0.00%,A,NA,NA,NA(NA-NA),NA,NA,NA
3,.,120131737,T/A,0.00%,0.00%,A,NA,NA,NA(NA-NA),NA,NA,NA
3,.,120131757,C/T,0.00%,0.00%,T,NA,NA,NA(NA-NA),NA,NA,NA
3,rs56029770,120132641,T/C,0.00%,0.00%,C,NA,NA,NA(NA-NA),NA,NA,NA
3,.,120132641,CA/C,0.00%,0.00%,C,NA,NA,NA(NA-NA),NA,NA,NA
3,.,120132642,CGG/C,0.00%,0.00%,C,NA,NA,NA(NA-NA),NA,NA,NA
3,.,120132652,A/C,0.00%,0.00%,C,NA,NA,NA(NA-NA),NA,NA,NA
3,.,120132659,C/T,0.00%,0.00%,T,NA,NA,NA(NA-NA),NA,NA,NA
3,.,120132692,A/G,0.00%,0.00%,G,NA,NA,NA(NA-NA),NA,NA,NA
3,.,120132761,C/G,0.00%,0.00%,G,NA,NA,NA(NA-NA),NA,NA,NA
3,.,120132777,C/T,0.00%,0.00%,T,NA,NA,NA(NA-NA),NA,NA,NA
3,.,120132790,T/C,0.00%,0.00%,C,NA,NA,NA(NA-NA),NA,NA,NA
3,.,120132807,C/T,0.00%,0.00%,T,NA,NA,NA(NA-NA),NA,NA,NA
3,.,120133064,T/G,0.00%,0.00%,G,NA,NA,NA(NA-NA),NA,NA,NA
3,.,120133149,A/C,0.00%,0.00%,C,NA,NA,NA(NA-NA),NA,NA,NA
3,.,120133172,A/T,0.00%,0.00%,T,NA,NA,NA(NA-NA),NA,NA,NA
3,.,120133227,A/G,0.00%,0.00%,G,NA,NA,NA(NA-NA),NA,NA,NA
3,.,120133240,T/C,0.00%,0.00%,C,NA,NA,NA(NA-NA),NA,NA,NA
3,.,120133253,C/A,0.00%,0.00%,A,NA,NA,NA(NA-NA),NA,NA,NA
3,.,120133257,GTGGGGAGCGCCTCTGCCCGGCCGCCCATCGTCTGGGATA/G,0.00%,0.00%,G,NA,NA,NA(NA-NA),NA,NA,NA
3,.,120133262,T/G,0.00%,0.00%,G,NA,NA,NA(NA-NA),NA,NA,NA
3,.,120133277,G/GC,0.00%,0.00%,GC,NA,NA,NA(NA-NA),NA,NA,NA
3,.,120133281,T/C,0.00%,0.00%,C,NA,NA,NA(NA-NA),NA,NA,NA
3,.,120133282,A/C,0.00%,0.00%,C,NA,NA,NA(NA-NA),NA,NA,NA
3,.,120133291,A/G,0.00%,0.00%,G,NA,NA,NA(NA-NA),NA,NA,NA
3,.,120133295,A/T,0.00%,0.00%,T,NA,NA,NA(NA-NA),NA,NA,NA
3,.,120133312,T/C,0.00%,0.00%,C,NA,NA,NA(NA-NA),NA,NA,NA
3,.,120133316,T/C,0.00%,0.00%,C,NA,NA,NA(NA-NA),NA,NA,NA
3,.,120133320,G/A,0.00%,0.00%,A,NA,NA,NA(NA-NA),NA,NA,NA
3,.,120133325,A/G,0.00%,0.00%,G,NA,NA,NA(NA-NA),NA,NA,NA
3,.,120133330,A/G,0.00%,0.00%,G,NA,NA,NA(NA-NA),NA,NA,NA
3,rs138778788,120133850,T/TA,0.00%,0.00%,TA,NA,NA,NA(NA-NA),NA,NA,NA
3,rs200534878,120133865,GA/G,0.00%,0.00%,G,NA,NA,NA(NA-NA),NA,NA,NA
3,.,120134133,T/G,0.00%,0.00%,G,NA,NA,NA(NA-NA),NA,NA,NA
3,.,120134440,A/T,0.00%,0.00%,T,NA,NA,NA(NA-NA),NA,NA,NA
3,.,120134646,T/A,0.00%,0.00%,A,NA,NA,NA(NA-NA),NA,NA,NA
3,.,120134725,AGTGGCCAAGGCCAATGTGGCTACCTTGCGGAGCCACC/A,0.00%,0.00%,A,NA,NA,NA(NA-NA),NA,NA,NA
3,.,120135007,G/T,0.00%,0.00%,T,NA,NA,NA(NA-NA),NA,NA,NA
3,.,120135034,C/T,0.00%,0.00%,T,NA,NA,NA(NA-NA),NA,NA,NA
3,.,120135126,AAAGGAACTCTT/A,0.00%,0.00%,A,NA,NA,NA(NA-NA),NA,NA,NA
3,.,120135128,C/T,0.00%,0.00%,T,NA,NA,NA(NA-NA),NA,NA,NA
3,.,120135131,T/C,0.00%,0.00%,C,NA,NA,NA(NA-NA),NA,NA,NA
3,.,120135974,A/C,0.00%,0.00%,C,NA,NA,NA(NA-NA),NA,NA,NA
3,.,120138046,G/A,0.00%,0.00%,A,NA,NA,NA(NA-NA),NA,NA,NA
3,.,120138165,T/G,0.00%,0.00%,G,NA,NA,NA(NA-NA),NA,NA,NA
3,.,120139673,C/T,0.00%,0.00%,T,NA,NA,NA(NA-NA),NA,NA,NA
3,rs1259293,120139861,C/T,0.00%,0.00%,T,NA,NA,NA(NA-NA),NA,NA,NA
3,.,120141545,A/AT,0.00%,0.00%,AT,NA,NA,NA(NA-NA),NA,NA,NA
3,.,120141686,T/C,0.00%,0.00%,C,NA,NA,NA(NA-NA),NA,NA,NA
3,rs71156799,120143902,A/AG,0.00%,0.00%,AG,NA,NA,NA(NA-NA),NA,NA,NA
3,rs916511,120143909,A/G,0.00%,0.00%,G,NA,NA,NA(NA-NA),NA,NA,NA
3,.,120144945,C/T,0.00%,0.00%,T,NA,NA,NA(NA-NA),NA,NA,NA
3,.,120147330,G/A,0.00%,0.00%,A,NA,NA,NA(NA-NA),NA,NA,NA
3,rs1402372,120148298,A/C,0.00%,0.00%,C,NA,NA,NA(NA-NA),NA,NA,NA
3,rs1259298,120148805,T/A,0.00%,0.00%,A,NA,NA,NA(NA-NA),NA,NA,NA
3,.,120149967,C/T,0.00%,0.00%,T,NA,NA,NA(NA-NA),NA,NA,NA
3,rs56929137,120150070,A/G,0.00%,0.00%,G,NA,NA,NA(NA-NA),NA,NA,NA
3,rs1628541,120151707,A/T,0.00%,0.00%,T,NA,NA,NA(NA-NA),NA,NA,NA
3,rs1733298,120151811,C/T,0.00%,0.00%,T,NA,NA,NA(NA-NA),NA,NA,NA
3,rs1627473,120151890,T/C,0.00%,0.00%,C,NA,NA,NA(NA-NA),NA,NA,NA
3,.,120152122,TATCCCTTCCCCCATTTCCAACCCTAGGGATAAGGACGGAGCAGGATTTCTACGTGCG/T,0.00%,0.00%,T,NA,NA,NA(NA-NA),NA,NA,NA
3,rs1716836,120152861,A/G,0.00%,0.00%,G,NA,NA,NA(NA-NA),NA,NA,NA
3,.,120153379,TCACGTTCGAGGGCACAGGCCCCACCAAGAAGAAGGCCAAGATGCGCGC/T,0.00%,0.00%,T,NA,NA,NA(NA-NA),NA,NA,NA
3,.,120154084,C/CA,0.00%,0.00%,CA,NA,NA,NA(NA-NA),NA,NA,NA
3,.,120155068,G/A,0.00%,0.00%,A,NA,NA,NA(NA-NA),NA,NA,NA
3,rs1733306,120155834,T/G,0.00%,0.00%,G,NA,NA,NA(NA-NA),NA,NA,NA
3,rs1733307,120156003,C/T,0.00%,0.00%,T,NA,NA,NA(NA-NA),NA,NA,NA
3,rs111980425,120156474,GCA/G,0.00%,0.00%,G,NA,NA,NA(NA-NA),NA,NA,NA
3,rs874478,120158211,G/A,0.00%,0.00%,A,NA,NA,NA(NA-NA),NA,NA,NA
3,rs1259332,120163932,A/G,0.00%,0.00%,G,NA,NA,NA(NA-NA),NA,NA,NA
3,rs1259333,120164287,C/G,0.00%,0.00%,G,NA,NA,NA(NA-NA),NA,NA,NA
3,rs1259334,120165235,T/C,0.00%,0.00%,C,NA,NA,NA(NA-NA),NA,NA,NA
3,rs1259336,120165370,G/A,0.00%,0.00%,A,NA,NA,NA(NA-NA),NA,NA,NA
3,.,120166522,T/G,0.00%,0.00%,G,NA,NA,NA(NA-NA),NA,NA,NA
3,rs1259339,120167006,T/C,0.00%,0.00%,C,NA,NA,NA(NA-NA),NA,NA,NA
3,.,120169309,T/C,0.00%,0.00%,C,NA,NA,NA(NA-NA),NA,NA,NA
3,.,120169469,A/C,0.00%,0.00%,C,NA,NA,NA(NA-NA),NA,NA,NA
3,.,120169599,T/G,0.00%,0.00%,G,NA,NA,NA(NA-NA),NA,NA,NA
